APK #,Benign,Malware
1,0.798334998,0.58688594
2,1.108658009,1.476623377
3,0.544083694,2.098051948
4,0.486567354,2.511038961
5,1.209461967,2.241818182
6,0.806006494,2.241818182
7,,2.482374768
8,,2.482374768
9,,2.241818182
10,,2.241818182
11,,2.241818182
12,,2.482374768
13,,2.652489177
14,,2.652489177
15,,2.482374768
16,,2.482374768
17,,2.241818182
18,,2.241818182
19,,2.241818182
20,,2.482374768
21,,2.241818182
