APK #,Benign,Malware
1,0.6015625,0.99125
2,0.666666667,1.247727273
3,0.739583333,1.225
4,0.736111111,1.333333333
5,0.7421875,1.406944444
6,,1.066346154
7,,1.5
8,,1.2875
