APK #,Benign,Malware
1,0.514030612,0.653911565
2,0.230087868,1.625805585
3,0.741883117,1.265306122
4,0.790816327,1.498866213
5,0.767517007,0.76377551
6,0.634637188,1.092970522
7,0.716472303,0.92648423
8,0.540816327,1.175510204
9,,0.941776711
10,,1.273155416
11,,1.17618499
12,,1.62670068
13,,1.464030612
14,,1.084183673
