APK #,Benign,Malware
1,0.472374513,3.656347232
2,1.166322256,3.656347232
3,1.111491837,3.656347232
4,1.23946853,3.656347232
5,1.315675256,4.756657436
6,1.365040205,4.062308661
7,1.177954903,4.062308661
8,1.177954903,3.722073739
9,1.177954903,2.388312528
10,1.177954903,2.352287051
11,1.177954903,2.336063516
12,1.177954903,2.683855572
13,1.177954903,2.683855572
14,1.177954903,2.683855572
15,1.177954903,2.683855572
16,1.916494461,2.035303269
17,2.245065789,2.287617303
18,1.37228923,3.166148016
19,0.999025341,3.060472194
20,,3.527305571
21,,4.024306637
22,,2.0482667
23,,3.947744461
24,,3.947744461
25,,3.947744461
26,,3.947744461
27,,4.261513158
28,,3.53311302
29,,3.440857419
30,,3.440857419
31,,2.653737208
