App #,Benign,Malware
1,0.461495536,1.547619048
2,0.636964286,1.963474026
3,0.531808036,2.05327381
4,0.481026786,2.729166667
5,1.113392857,
6,0.643973214,
7,1.0625,
8,0.641369048,
