APK #,Benign,Malware
1,0.489587399,1.146705147
2,0.406440163,0.908825599
3,0.569724641,2.340074244
4,0.656007696,2.759086268
5,0.400105799,2.250844382
6,0.702399022,1.26371246
7,0.870806164,1.834711397
8,0.900625301,2.214855049
9,1.185185185,1.601236885
10,0.853608529,2.472983806
11,0.636256949,2.225290138
12,0.87433085,
13,0.931892587,
14,1.185185185,
15,1.262297881,
16,1.185185185,
17,0.892048142,
18,1.74925708,
19,0.478555867,
20,0.896067178,
21,1.185185185,
22,0.636669728,
23,1.161955394,
24,1.281587808,
25,1.274967871,
26,0.748233861,
27,1.340233701,
