APK #,Benign,Malware
1,1.041398457,2.993626146
2,1.140256211,3.585689638
3,0.768454106,3.731721384
4,2.198369565,2.474409938
5,1.788695652,
6,1.043478261,
7,1.27173913,
8,1.99068323,
9,0.949407115,
10,0.885869565,
11,1.043478261,
12,0.62516469,
13,0.949407115,
14,0.635869565,
15,0.847826087,
16,1.612681159,
17,1.455362319,
18,1.647826087,
19,1.043478261,
20,1.225672878,
21,1.070538302,
22,2.134230504,
