APK #,Benign,Malware
1,0.142857143,0.644047619
2,0.283549784,1.96031746
3,0.261904762,4.285714286
4,0.341269841,4.285714286
5,,4.285714286
6,,1.706349206
7,,1.706349206
