APK #,Benign,Malware
1,0.48160401,0.968515406
2,0.540952381,0.857142857
3,0.585714286,1.312380952
4,1.139047619,1.108571429
5,0.973544974,1.095619048
6,1.078095238,1.293968254
7,1.011156463,0.969795918
8,1.156825397,2.217142857
9,1.28,1.745934066
10,1.140952381,1.95047619
11,0.952380952,1.371428571
12,0.975238095,2.56
13,0.723809524,2.56
14,1.081904762,2.56
15,,1.222564103
16,,1.285442177
17,,1.285442177
18,,1.498412698
19,,1.610884354
20,,0.983365079
21,,1.053506494
22,,2.38162465
23,,2.379174603
24,,2.379174603
25,,2.341079365
26,,2.062095238
27,,1.354557823
28,,1.354557823
29,,1.884952381
30,,2.245714286
31,,2.202857143
32,,2.08952381
33,,2.392380952
34,,1.148571429
35,,1.148571429
