permission,count,total_apps,occurrence_ratio
WRITE_SETTINGS,2,37,0.0540540540541
ACCESS_NETWORK_STATE,23,37,0.621621621622
RECORD_AUDIO,3,37,0.0810810810811
READ_EXTERNAL_STORAGE,2,37,0.0540540540541
USE_CREDENTIALS,2,37,0.0540540540541
GET_ACCOUNTS,6,37,0.162162162162
SEND_SMS,11,37,0.297297297297
VIBRATE,18,37,0.486486486486
WRITE_SECURE_SETTINGS,1,37,0.027027027027
ACCESS_COARSE_LOCATION,7,37,0.189189189189
READ_LOGS,5,37,0.135135135135
READ_SYNC_SETTINGS,2,37,0.0540540540541
ACCESS_CHECKIN_PROPERTIES,1,37,0.027027027027
CHANGE_NETWORK_STATE,1,37,0.027027027027
CHANGE_WIFI_STATE,5,37,0.135135135135
ADD_ACCOUNTS,1,37,0.027027027027
WRITE_SMS,9,37,0.243243243243
BLUETOOTH,1,37,0.027027027027
MODIFY_PHONE_STATE,1,37,0.027027027027
BLUETOOTH_ADMIN,1,37,0.027027027027
CAMERA,1,37,0.027027027027
ACCESS_LOCATION_EXTRA_COMMANDS,2,37,0.0540540540541
WAKE_LOCK,17,37,0.459459459459
MANAGE_ACCOUNTS,2,37,0.0540540540541
ACCESS_COARSE_UPDATES,1,37,0.027027027027
SET_WALLPAPER,1,37,0.027027027027
WRITE_CONTACTS,4,37,0.108108108108
SET_PREFERRED_APPLICATIONS,1,37,0.027027027027
PROCESS_OUTGOING_CALLS,2,37,0.0540540540541
RECEIVE_BOOT_COMPLETED,11,37,0.297297297297
CALL_PHONE,7,37,0.189189189189
WRITE_SYNC_SETTINGS,1,37,0.027027027027
INTERNET,32,37,0.864864864865
RECEIVE_MMS,4,37,0.108108108108
ACCESS_DOWNLOAD_MANAGER,1,37,0.027027027027
READ_SYNC_STATS,1,37,0.027027027027
ACCESS_FINE_LOCATION,5,37,0.135135135135
CALL_PRIVILEGED,1,37,0.027027027027
READ_SMS,12,37,0.324324324324
RECEIVE_SMS,14,37,0.378378378378
AUTHENTICATE_ACCOUNTS,1,37,0.027027027027
GET_TASKS,3,37,0.0810810810811
WRITE_EXTERNAL_STORAGE,21,37,0.567567567568
RESTART_PACKAGES,1,37,0.027027027027
INSTALL_PACKAGES,5,37,0.135135135135
ACCESS_WIFI_STATE,10,37,0.27027027027
DISABLE_KEYGUARD,5,37,0.135135135135
READ_CONTACTS,17,37,0.459459459459
MODIFY_AUDIO_SETTINGS,3,37,0.0810810810811
READ_PHONE_STATE,24,37,0.648648648649
