permission,count,total_apps,occurrence_ratio
WRITE_SETTINGS,1,14,0.0714285714286
ACCESS_NETWORK_STATE,8,14,0.571428571429
RECORD_AUDIO,1,14,0.0714285714286
SYSTEM_ALERT_WINDOW,1,14,0.0714285714286
HARDWARE_TEST,1,14,0.0714285714286
SEND_SMS,3,14,0.214285714286
VIBRATE,3,14,0.214285714286
ACCESS_COARSE_LOCATION,3,14,0.214285714286
BLUETOOTH,1,14,0.0714285714286
ACCESS_FINE_LOCATION,2,14,0.142857142857
FLASHLIGHT,2,14,0.142857142857
GLOBAL_SEARCH,1,14,0.0714285714286
CHANGE_WIFI_STATE,3,14,0.214285714286
WRITE_SMS,1,14,0.0714285714286
KILL_BACKGROUND_PROCESSES,1,14,0.0714285714286
DEVICE_POWER,1,14,0.0714285714286
BLUETOOTH_ADMIN,1,14,0.0714285714286
CAMERA,1,14,0.0714285714286
RECEIVE_BOOT_COMPLETED,3,14,0.214285714286
WAKE_LOCK,4,14,0.285714285714
WRITE_APN_SETTINGS,2,14,0.142857142857
WRITE_CONTACTS,1,14,0.0714285714286
SET_WALLPAPER,3,14,0.214285714286
CALL_PHONE,2,14,0.142857142857
safe,1,14,0.0714285714286
notepad,1,14,0.0714285714286
GET_ACCOUNTS,1,14,0.0714285714286
READ_SMS,2,14,0.142857142857
RECEIVE_SMS,2,14,0.142857142857
GET_TASKS,2,14,0.142857142857
WRITE_EXTERNAL_STORAGE,10,14,0.714285714286
RESTART_PACKAGES,3,14,0.214285714286
MOUNT_UNMOUNT_FILESYSTEMS,2,14,0.142857142857
INSTALL_PACKAGES,1,14,0.0714285714286
ACCESS_WIFI_STATE,5,14,0.357142857143
CHANGE_NETWORK_STATE,1,14,0.0714285714286
INTERNET,11,14,0.785714285714
READ_CONTACTS,3,14,0.214285714286
READ_PHONE_STATE,6,14,0.428571428571
