permission,count,total_apps,occurrence_ratio
WRITE_SETTINGS,5,18,0.277777777778
ACCESS_NETWORK_STATE,15,18,0.833333333333
RECORD_AUDIO,1,18,0.0555555555556
READ_EXTERNAL_STORAGE,3,18,0.166666666667
USE_CREDENTIALS,1,18,0.0555555555556
GET_ACCOUNTS,2,18,0.111111111111
SEND_SMS,6,18,0.333333333333
VIBRATE,3,18,0.166666666667
WRITE_OWNER_DATA,1,18,0.0555555555556
ACCESS_COARSE_LOCATION,7,18,0.388888888889
READ_LOGS,2,18,0.111111111111
ACCESS_GPS,2,18,0.111111111111
BLUETOOTH,1,18,0.0555555555556
CHANGE_NETWORK_STATE,2,18,0.111111111111
CHANGE_WIFI_STATE,7,18,0.388888888889
SYSTEM_ALERT_WINDOW,1,18,0.0555555555556
WRITE_SMS,4,18,0.222222222222
CALL_PHONE,2,18,0.111111111111
DEVICE_POWER,1,18,0.0555555555556
CHANGE_WIFI_MULTICAST_STATE,1,18,0.0555555555556
LOCATION,1,18,0.0555555555556
RECEIVE_BOOT_COMPLETED,7,18,0.388888888889
WAKE_LOCK,9,18,0.5
WRITE_APN_SETTINGS,4,18,0.222222222222
WRITE_CALENDAR,1,18,0.0555555555556
SET_WALLPAPER,2,18,0.111111111111
WRITE_CONTACTS,3,18,0.166666666667
NFC,1,18,0.0555555555556
ACCESS_LOCATION_EXTRA_COMMANDS,5,18,0.277777777778
ACCESS_CACHE_FILESYSTEM,1,18,0.0555555555556
MODIFY_PHONE_STATE,2,18,0.111111111111
WRITE_SYNC_SETTINGS,1,18,0.0555555555556
DISABLE_KEYGUARD,2,18,0.111111111111
ACCESS_DOWNLOAD_MANAGER,1,18,0.0555555555556
ACCESS_DOWNLOAD_MANAGER_ADVANCED,1,18,0.0555555555556
ACCESS_FINE_LOCATION,10,18,0.555555555556
READ_SMS,4,18,0.222222222222
RECEIVE_SMS,5,18,0.277777777778
RECEIVE_WAP_PUSH,1,18,0.0555555555556
GET_TASKS,3,18,0.166666666667
WRITE_EXTERNAL_STORAGE,16,18,0.888888888889
RESTART_PACKAGES,4,18,0.222222222222
ACCESS_DRM,1,18,0.0555555555556
SEND_DOWNLOAD_COMPLETED_INTENTS,1,18,0.0555555555556
MOUNT_UNMOUNT_FILESYSTEMS,3,18,0.166666666667
BROADCAST_PACKAGE_REMOVED,1,18,0.0555555555556
BATTERY_STATS,1,18,0.0555555555556
INSTALL_PACKAGES,4,18,0.222222222222
INSTALL_DRM,1,18,0.0555555555556
ACCESS_WIFI_STATE,11,18,0.611111111111
INTERNET,18,18,1.0
READ_CONTACTS,5,18,0.277777777778
READ_PHONE_STATE,18,18,1.0
ACCESS_LOCATION,2,18,0.111111111111
