permission,count,total_apps,occurrence_ratio
WRITE_SETTINGS,1,47,0.0212765957447
ACCESS_NETWORK_STATE,32,47,0.68085106383
RECORD_AUDIO,1,47,0.0212765957447
READ_EXTERNAL_STORAGE,2,47,0.0425531914894
SEND_SMS,8,47,0.170212765957
VIBRATE,8,47,0.170212765957
ACCESS_COARSE_LOCATION,15,47,0.31914893617
READ_LOGS,12,47,0.255319148936
ACCESS_GPS,1,47,0.0212765957447
CHANGE_WIFI_STATE,13,47,0.276595744681
WRITE_SMS,17,47,0.36170212766
RECEIVE_BOOT_COMPLETED,9,47,0.191489361702
WAKE_LOCK,13,47,0.276595744681
WRITE_APN_SETTINGS,5,47,0.106382978723
SET_WALLPAPER,2,47,0.0425531914894
WRITE_CONTACTS,8,47,0.170212765957
PROCESS_OUTGOING_CALLS,2,47,0.0425531914894
ACCESS_LOCATION_EXTRA_COMMANDS,2,47,0.0425531914894
CALL_PHONE,9,47,0.191489361702
INTERNET,46,47,0.978723404255
ACCESS_FINE_LOCATION,18,47,0.382978723404
READ_SMS,20,47,0.425531914894
RECEIVE_SMS,9,47,0.191489361702
GET_TASKS,2,47,0.0425531914894
WRITE_EXTERNAL_STORAGE,36,47,0.765957446809
RESTART_PACKAGES,5,47,0.106382978723
MOUNT_UNMOUNT_FILESYSTEMS,1,47,0.0212765957447
INSTALL_PACKAGES,10,47,0.212765957447
ACCESS_WIFI_STATE,37,47,0.787234042553
DISABLE_KEYGUARD,4,47,0.0851063829787
DELETE_PACKAGES,3,47,0.063829787234
READ_CONTACTS,7,47,0.148936170213
READ_PHONE_STATE,41,47,0.872340425532
ACCESS_LOCATION,1,47,0.0212765957447
