permission,count,total_apps,occurrence_ratio
ACCESS_NETWORK_STATE,5,9,0.555555555556
RECORD_AUDIO,1,9,0.111111111111
ACCESS_MOCK_LOCATION,1,9,0.111111111111
USE_CREDENTIALS,1,9,0.111111111111
GET_ACCOUNTS,1,9,0.111111111111
SEND_SMS,2,9,0.222222222222
VIBRATE,1,9,0.111111111111
ACCESS_COARSE_LOCATION,5,9,0.555555555556
ACCESS_GPS,1,9,0.111111111111
CHANGE_WIFI_STATE,2,9,0.222222222222
WRITE_SMS,1,9,0.111111111111
SET_WALLPAPER,1,9,0.111111111111
WAKE_LOCK,1,9,0.111111111111
MANAGE_ACCOUNTS,1,9,0.111111111111
WRITE_CONTACTS,2,9,0.222222222222
RECEIVE_BOOT_COMPLETED,1,9,0.111111111111
CALL_PHONE,3,9,0.333333333333
DISABLE_KEYGUARD,1,9,0.111111111111
ACCESS_FINE_LOCATION,5,9,0.555555555556
READ_SMS,2,9,0.222222222222
RECEIVE_SMS,1,9,0.111111111111
GET_TASKS,1,9,0.111111111111
WRITE_EXTERNAL_STORAGE,5,9,0.555555555556
MOUNT_UNMOUNT_FILESYSTEMS,1,9,0.111111111111
INSTALL_PACKAGES,2,9,0.222222222222
ACCESS_WIFI_STATE,2,9,0.222222222222
INTERNET,9,9,1.0
READ_CONTACTS,2,9,0.222222222222
READ_PHONE_STATE,6,9,0.666666666667
ACCESS_LOCATION,1,9,0.111111111111
