permission,count,total_apps,occurrence_ratio
WRITE_SETTINGS,1,27,0.037037037037
ACCESS_NETWORK_STATE,21,27,0.777777777778
READ_EXTERNAL_STORAGE,7,27,0.259259259259
ACCESS_COARSE_LOCATION,18,27,0.666666666667
CHANGE_WIFI_STATE,19,27,0.703703703704
WRITE_SMS,9,27,0.333333333333
CHANGE_CONFIGURATION,6,27,0.222222222222
ACCESS_LOCATION_EXTRA_COMMANDS,7,27,0.259259259259
WRITE_APN_SETTINGS,1,27,0.037037037037
SET_WALLPAPER,11,27,0.407407407407
WRITE_CONTACTS,1,27,0.037037037037
SET_PREFERRED_APPLICATIONS,1,27,0.037037037037
RECEIVE_BOOT_COMPLETED,12,27,0.444444444444
MODIFY_PHONE_STATE,1,27,0.037037037037
READ_CONTACTS,1,27,0.037037037037
READ_SMS,9,27,0.333333333333
GET_TASKS,16,27,0.592592592593
WRITE_EXTERNAL_STORAGE,21,27,0.777777777778
INSTALL_PACKAGES,10,27,0.37037037037
ACCESS_WIFI_STATE,19,27,0.703703703704
INTERNET,21,27,0.777777777778
ACCESS_FINE_LOCATION,16,27,0.592592592593
READ_PHONE_STATE,20,27,0.740740740741
