permission,count,total_apps,occurrence_ratio
WRITE_SETTINGS,4,34,0.117647058824
ACCESS_NETWORK_STATE,29,34,0.852941176471
RECORD_AUDIO,3,34,0.0882352941176
USE_CREDENTIALS,2,34,0.0588235294118
SEND_SMS,1,34,0.0294117647059
VIBRATE,11,34,0.323529411765
ACCESS_COARSE_LOCATION,7,34,0.205882352941
READ_LOGS,3,34,0.0882352941176
ACCESS_FINE_LOCATION,5,34,0.147058823529
FLASHLIGHT,1,34,0.0294117647059
BROADCAST_STICKY,1,34,0.0294117647059
CALL_PHONE,2,34,0.0588235294118
SYSTEM_ALERT_WINDOW,1,34,0.0294117647059
CAMERA,3,34,0.0882352941176
SET_WALLPAPER,2,34,0.0588235294118
WAKE_LOCK,10,34,0.294117647059
RECEIVE_BOOT_COMPLETED,1,34,0.0294117647059
WRITE_CONTACTS,5,34,0.147058823529
PROCESS_OUTGOING_CALLS,1,34,0.0294117647059
CHANGE_NETWORK_STATE,1,34,0.0294117647059
MODIFY_PHONE_STATE,2,34,0.0588235294118
REORDER_TASKS,1,34,0.0294117647059
GET_ACCOUNTS,7,34,0.205882352941
INTERNET,32,34,0.941176470588
GET_TASKS,3,34,0.0882352941176
WRITE_EXTERNAL_STORAGE,21,34,0.617647058824
ACCESS_WIFI_STATE,4,34,0.117647058824
DISABLE_KEYGUARD,1,34,0.0294117647059
READ_CONTACTS,5,34,0.147058823529
MODIFY_AUDIO_SETTINGS,3,34,0.0882352941176
READ_PHONE_STATE,18,34,0.529411764706
