permission,count,total_apps,occurrence_ratio
WRITE_SETTINGS,1,19,0.0526315789474
ACCESS_NETWORK_STATE,12,19,0.631578947368
RECORD_AUDIO,1,19,0.0526315789474
ACCESS_MOCK_LOCATION,1,19,0.0526315789474
SEND_SMS,1,19,0.0526315789474
VIBRATE,4,19,0.210526315789
ACCESS_COARSE_LOCATION,6,19,0.315789473684
READ_LOGS,1,19,0.0526315789474
ACCESS_GPS,2,19,0.105263157895
FLASHLIGHT,1,19,0.0526315789474
CHANGE_WIFI_STATE,1,19,0.0526315789474
CAMERA,4,19,0.210526315789
SET_WALLPAPER,1,19,0.0526315789474
WAKE_LOCK,3,19,0.157894736842
WRITE_CONTACTS,1,19,0.0526315789474
CHANGE_NETWORK_STATE,1,19,0.0526315789474
CALL_PHONE,1,19,0.0526315789474
ACCESS_FINE_LOCATION,5,19,0.263157894737
READ_SMS,1,19,0.0526315789474
WRITE_EXTERNAL_STORAGE,12,19,0.631578947368
MOUNT_UNMOUNT_FILESYSTEMS,1,19,0.0526315789474
ACCESS_WIFI_STATE,1,19,0.0526315789474
INTERNET,18,19,0.947368421053
READ_CONTACTS,2,19,0.105263157895
READ_PHONE_STATE,7,19,0.368421052632
ACCESS_LOCATION,2,19,0.105263157895
