permission,count,total_apps,occurrence_ratio
ACCESS_NETWORK_STATE,135,196,0.688775510204
RECORD_AUDIO,7,196,0.0357142857143
READ_EXTERNAL_STORAGE,34,196,0.173469387755
SEND_SMS,30,196,0.15306122449
VIBRATE,63,196,0.321428571429
ACCESS_COARSE_LOCATION,85,196,0.433673469388
READ_LOGS,3,196,0.015306122449
ACCESS_GPS,15,196,0.0765306122449
ACCESS_COURSE_LOCATION,1,196,0.00510204081633
SET_ORIENTATION,2,196,0.0102040816327
ACCESS_FINE_LOCATION,63,196,0.321428571429
CHANGE_WIFI_STATE,52,196,0.265306122449
BROADCAST_STICKY,1,196,0.00510204081633
WRITE_SMS,42,196,0.214285714286
CHANGE_CONFIGURATION,5,196,0.0255102040816
CALL_PHONE,23,196,0.117346938776
RECEIVE_BOOT_COMPLETED,55,196,0.280612244898
WAKE_LOCK,48,196,0.244897959184
WRITE_APN_SETTINGS,3,196,0.015306122449
SET_WALLPAPER,15,196,0.0765306122449
WRITE_CONTACTS,15,196,0.0765306122449
PROCESS_OUTGOING_CALLS,12,196,0.0612244897959
CHANGE_NETWORK_STATE,1,196,0.00510204081633
MODIFY_PHONE_STATE,2,196,0.0102040816327
GET_ACCOUNTS,2,196,0.0102040816327
READ_SMS,59,196,0.301020408163
RECEIVE_SMS,27,196,0.137755102041
FULLSCREEN,1,196,0.00510204081633
GET_TASKS,22,196,0.112244897959
vending,1,196,0.00510204081633
WRITE_EXTERNAL_STORAGE,109,196,0.55612244898
ACCESS_LOCATION_EXTRA_COMMANDS,34,196,0.173469387755
MOUNT_UNMOUNT_FILESYSTEMS,18,196,0.0918367346939
RESTART_PACKAGES,13,196,0.0663265306122
INSTALL_PACKAGES,38,196,0.19387755102
ACCESS_WIFI_STATE,81,196,0.413265306122
INTERNET,188,196,0.959183673469
DELETE_PACKAGES,12,196,0.0612244897959
READ_CONTACTS,23,196,0.117346938776
MODIFY_AUDIO_SETTINGS,1,196,0.00510204081633
READ_PHONE_STATE,147,196,0.75
ACCESS_LOCATION,15,196,0.0765306122449
