permission,count,total_apps,occurrence_ratio
WRITE_SETTINGS,2,45,0.0444444444444
ACCESS_NETWORK_STATE,26,45,0.577777777778
RECORD_AUDIO,6,45,0.133333333333
READ_EXTERNAL_STORAGE,3,45,0.0666666666667
DUMP,1,45,0.0222222222222
ACCESS_MOCK_LOCATION,1,45,0.0222222222222
GET_ACCOUNTS,3,45,0.0666666666667
SEND_SMS,9,45,0.2
VIBRATE,5,45,0.111111111111
WRITE_OWNER_DATA,2,45,0.0444444444444
ACCESS_COARSE_LOCATION,16,45,0.355555555556
READ_LOGS,4,45,0.0888888888889
WRITE_SECURE_SETTINGS,2,45,0.0444444444444
ACCESS_GPS,5,45,0.111111111111
CHANGE_WIFI_STATE,9,45,0.2
WRITE_SMS,4,45,0.0888888888889
CHANGE_CONFIGURATION,1,45,0.0222222222222
CALL_PHONE,7,45,0.155555555556
INJECT_EVENTS,1,45,0.0222222222222
READ_OWNER_DATA,2,45,0.0444444444444
ACCESS_LOCATION_EXTRA_COMMANDS,3,45,0.0666666666667
WAKE_LOCK,5,45,0.111111111111
WRITE_APN_SETTINGS,2,45,0.0444444444444
CONTROL_LOCATION_UPDATES,1,45,0.0222222222222
SET_WALLPAPER,11,45,0.244444444444
WRITE_CONTACTS,5,45,0.111111111111
SET_PREFERRED_APPLICATIONS,1,45,0.0222222222222
CLEAR_APP_CACHE,1,45,0.0222222222222
PROCESS_OUTGOING_CALLS,2,45,0.0444444444444
RECEIVE_BOOT_COMPLETED,14,45,0.311111111111
ACCESS_CACHE_FILESYSTEM,2,45,0.0444444444444
MODIFY_PHONE_STATE,2,45,0.0444444444444
BOOT_COMPLETED,2,45,0.0444444444444
ACCESS_FINE_LOCATION,18,45,0.4
ACCESS_LOCATTON_MOCK_LOCATION,1,45,0.0222222222222
READ_SMS,11,45,0.244444444444
RECEIVE_SMS,6,45,0.133333333333
GET_TASKS,6,45,0.133333333333
DELETE_CACHE_FILES,2,45,0.0444444444444
WRITE_EXTERNAL_STORAGE,32,45,0.711111111111
RESTART_PACKAGES,3,45,0.0666666666667
MOUNT_UNMOUNT_FILESYSTEMS,7,45,0.155555555556
INSTALL_PACKAGES,8,45,0.177777777778
ACCESS_WIFI_STATE,13,45,0.288888888889
INTERNET,44,45,0.977777777778
DELETE_PACKAGES,3,45,0.0666666666667
READ_CONTACTS,7,45,0.155555555556
MODIFY_AUDIO_SETTINGS,2,45,0.0444444444444
READ_PHONE_STATE,40,45,0.888888888889
ACCESS_LOCATION,5,45,0.111111111111
