permission,count,total_apps,occurrence_ratio
ACCESS_NETWORK_STATE,19,27,0.703703703704
READ_EXTERNAL_STORAGE,1,27,0.037037037037
ACCESS_MOCK_LOCATION,4,27,0.148148148148
SEND_SMS,1,27,0.037037037037
VIBRATE,8,27,0.296296296296
ACCESS_COARSE_LOCATION,13,27,0.481481481481
ACCESS_CHECKIN_PROPERTIES,1,27,0.037037037037
READ_FRAME_BUFFER,1,27,0.037037037037
FLASHLIGHT,1,27,0.037037037037
GLOBAL_SEARCH,1,27,0.037037037037
CHANGE_WIFI_STATE,4,27,0.148148148148
READ_CALENDAR,1,27,0.037037037037
WRITE_SMS,3,27,0.111111111111
CHANGE_CONFIGURATION,2,27,0.0740740740741
ACCESS_COARSE_UPDATES,1,27,0.037037037037
CAMERA,6,27,0.222222222222
LOCATION,1,27,0.037037037037
ACCESS_LOCATION_EXTRA_COMMANDS,3,27,0.111111111111
WAKE_LOCK,6,27,0.222222222222
WRITE_CALENDAR,1,27,0.037037037037
WRITE_CONTACTS,1,27,0.037037037037
RECEIVE_BOOT_COMPLETED,2,27,0.0740740740741
CALL_PHONE,7,27,0.259259259259
ACTION_CALL,1,27,0.037037037037
ACCESS_FINE_LOCATION,10,27,0.37037037037
READ_SMS,2,27,0.0740740740741
DELETE_EXTERNAL_STORAGE,1,27,0.037037037037
GET_TASKS,4,27,0.148148148148
WRITE_EXTERNAL_STORAGE,10,27,0.37037037037
RESTART_PACKAGES,1,27,0.037037037037
CONTROL_LOCATION_UPDATES,1,27,0.037037037037
STATUS_BAR,1,27,0.037037037037
INSTALL_PACKAGES,2,27,0.0740740740741
ACCESS_WIFI_STATE,10,27,0.37037037037
INTERNET,26,27,0.962962962963
READ_CONTACTS,2,27,0.0740740740741
READ_PHONE_STATE,13,27,0.481481481481
